countryname,shortname,isocode,tel_countrycode,active,currencycode,currencyrate,isocode3,currencysign
Afghanistan,Afghanistan,AF,93,1,AFN,1,AFG,$
Albania,Albania,AL,355,1,ALL,1,ALB,$
Algeria,Algeria,DZ,213,1,DZD,1,DZA,$
Andorra,Andorra,AD,376,1,EUR,1,AND,$
Angola,Angola,AO,244,1,AON,1,AGO,$
Argentina,Argentina,AR,54,1,ARS,1,ARG,$
Armenia,Armenia,AM,374,1,AMD,1,,$
Australia,Australia,AU,61,1,AUD,1,AUS,$
Austria,Austria,AT,43,1,EUR,1,AUT,$
Azerbaijan,Azerbaijan,AZ,994,1,AZN,1,AZE,$
Bahamas,Bahamas,BS,1-242,1,BSD,1,BHS,$
Bahrain,Bahrain,BH,973,1,BHD,1,BHR,$
Bangladesh,Bangladesh,BD,880,1,BDT,1,BGD,$
Barbados,Barbados,BB,1-246,1,BBD,1,BRB,$
Belarus,Belarus,BY,375,1,BYN,1,BLR,$
Belgium,Belgium,BE,32,1,EUR,1,BEL,$
Belize,Belize,BZ,501,1,BZD,1,BLZ,$
Benin,Benin,BJ,229,1,XOF,1,BEN,$
Bhutan,Bhutan,BT,975,0,BTN,1,BTN,$
Bolivia,Bolivia,BO,591,1,BOB,1,BOL,$
Botswana,Botswana,BW,267,1,BWP,1,BWA,$
Brazil,Brazil,BR,55,1,BRL,1,BRA,$
Brunei,Brunei,BN,673,1,BND,1,BRN,$
Bulgaria,Bulgaria,BG,359,1,BGL,1,BGR,$
Burkina Faso,Burkina Faso,BF,226,0,XOF,1,BFA,$
Burundi,Burundi,BI,257,0,BIF,1,BDI,$
Ivory Coast,Ivory Coast,CI,225,1,CFA,1,CIV,$
Cabo Verde,Cabo Verde,CV,238,0,CVE,1,CPV,$
Cambodia,Cambodia,KH,855,1,KHR,1,KHM,$
Cameroon,Cameroon,CM,237,0,XAF,1,CMR,$
Canada,Canada,CA,1,1,CAD,1,CAN,$
Chad,Chad,TD,235,0,XAF,1,TCD,$
Chile,Chile,CL,56,1,CLP,1,CHL,$
China,China,CN,86,1,CNY,1,CHN,$
Colombia,Colombia,CO,57,1,COP,1,COL,$
Comoros,Comoros,KM,269,0,KMF,1,COM,$
Costa Rica,Costa Rica,CR,506,1,CRC,1,CRI,$
Croatia,Croatia,HR,385,1,HRK,1,HRV,$
Cuba,Cuba,CU,53,1,CUP,1,CUB,$
Cyprus,Cyprus,CY,357,1,EUR,1,CYP,$
Czech Republic,Czech Republic,CZ,420,1,EUR,1,CZE,$
Denmark,Denmark,DK,45,1,DKK,1,DNK,$
Djibouti,Djibouti,DJ,253,1,DJF,1,DJI,$
Dominica,Dominica,DM,1-767,1,XCD,1,DMA,$
Ecuador,Ecuador,EC,593,1,USD,1,ECU,$
Egypt,Egypt,EG,20,1,EGP,1,EGY,$
El Salvador,El Salvador,SV,503,1,USD,1,SLV,$
Eritrea,Eritrea,ER,291,0,ERN,1,ERI,$
Estonia,Estonia,EE,372,1,EUR,1,EST,$
Eswatini,Eswatini,SZ,268,0,SZL,1,SWZ,$
Ethiopia,Ethiopia,ET,251,0,ETB,1,ETH,$
Fiji,Fiji,FJ,679,1,FJD,1,FJI,$
Finland,Finland,FI,358,1,EUR,1,FIN,$
France,France,FR,33,1,EUR,1,FRA,$
Gabon,Gabon,GA,241,1,CFA,1,GAB,$
Gambia,Gambia,GM,220,0,GMD,1,GMB,$
Georgia,Georgia,GE,995,1,GEL,1,GEO,$
Germany,Germany,DE,49,1,EUR,1,DEU,$
Ghana,Ghana,GH,233,0,GHC,1,GHA,$
Greece,Greece,GR,30,1,EUR,1,GRC,$
Grenada,Grenada,GD,1-473,1,XCD,1,GRD,$
Guatemala,Guatemala,GT,502,1,GTQ,1,GTM,$
Guinea,Guinea,GN,224,0,GNF,1,GIN,$
Guinea-Bissau,Guinea-Bissau,GW,245,0,XAF,1,GNB,$
Guyana,Guyana,GY,592,1,GYD,1,GUY,$
Haiti,Haiti,HT,509,1,HTG,1,HTI,$
Holy See,Holy See,VA,379,0,EUR,1,VAT,$
Honduras,Honduras,HN,504,1,HNL,1,HND,$
Hungary,Hungary,HU,36,1,HUF,1,HUN,$
Iceland,Iceland,IS,354,0,ISK,1,ISL,$
India,India,IN,91,1,INR,83.36,IND,$
Indonesia,Indonesia,ID,62,1,IDR,1,IDN,$
Iran,Iran,IR,98,1,IRR,1,IRN,$
Iraq,Iraq,IQ,964,1,IQD,1,IRQ,$
Ireland,Ireland,IE,353,1,EUR,1,IRL,$
Israel,Israel,IL,972,1,ILS,1,ISR,$
Italy,Italy,IT,39,1,EUR,1,ITA,$
Jamaica,Jamaica,JM,1-876,1,JMD,1,JAM,$
Japan,Japan,JP,81,1,JPY,1,JPN,$
Jordan,Jordan,JO,962,1,JOD,1,JOR,$
Kazakhstan,Kazakhstan,KZ,7,1,KZT,1,KAZ,$
Kenya,Kenya,KE,254,1,KES,1,KEN,$
Kiribati,Kiribati,KI,686,0,AUD,1,KIR,$
Kuwait,Kuwait,KW,965,1,KWD,1,KWT,$
Kyrgyzstan,Kyrgyzstan,KG,996,1,KGS,1,KGZ,$
Laos,Laos,LA,856,0,LAK,1,LAO,$
Latvia,Latvia,LV,371,1,EUR,1,LVA,$
Lebanon,Lebanon,LB,961,1,LBP,1,LBN,$
Lesotho,Lesotho,LS,266,0,LSL,1,LSO,$
Liberia,Liberia,LR,231,0,LRD,1,LBR,$
Libya,Libya,LY,218,0,LYD,1,LBY,$
Liechtenstein,Liechtenstein,LI,423,1,CHF,1,LIE,$
Lithuania,Lithuania,LT,370,1,EUR,1,LTU,$
Luxembourg,Luxembourg,LU,352,1,EUR,1,LUX,$
Madagascar,Madagascar,MG,261,0,MGA,1,MDG,$
Malawi,Malawi,MW,265,1,MWK,1,MWI,$
Malaysia,Malaysia,MY,60,1,MYR,1,MYS,$
Maldives,Maldives,MV,960,0,MVR,1,MDV,$
Mali,Mali,ML,223,0,XOF,1,MLI,$
Malta,Malta,MT,356,1,EUR,1,MLT,$
Marshall Islands,Marshall Islands,MH,692,0,USD,1,MHL,$
Mauritania,Mauritania,MR,222,0,MRU,1,MRT,$
Mauritius,Mauritius,MU,230,0,MUR,1,MUS,$
Mexico,Mexico,MX,52,1,MXN,1,MEX,$
Micronesia,Micronesia,FM,691,0,USD,1,FSM,$
Moldova,Moldova,MD,373,1,MDL,1,MDA,$
Monaco,Monaco,MC,377,1,EUR,1,MCO,$
Mongolia,Mongolia,MN,976,0,MNT,1,MNG,$
Montenegro,Montenegro,ME,382,1,EUR,1,MNE,$
Morocco,Morocco,MA,212,1,MAD,1,MAR,$
Mozambique,Mozambique,MZ,258,1,MZM,1,MOZ,$
Myanmar ,Myanmar ,MM,95,0,MMK,1,MMR,$
Namibia,Namibia,NA,264,1,NAD,1,NAM,$
Nauru,Nauru,NR,674,0,AUD,1,NRU,$
Nepal,Nepal,NP,977,0,NPR,1,NPL,$
Netherlands,Netherlands,NL,31,1,EUR,1,NLD,$
New Zealand,New Zealand,NZ,64,1,NZD,1,NZL,$
Nicaragua,Nicaragua,NI,505,1,NIO,1,NIC,$
Niger,Niger,NE,227,0,XOF,1,NER,$
Nigeria,Nigeria,NG,234,1,NGN,1,NGA,$
North Korea,North Korea,KP,850,0,KPW,1,PRK,$
North Macedonia,North Macedonia,MK,389,1,DEN,1,MKD,$
Norway,Norway,NO,47,1,NOK,1,NOR,$
Oman,Oman,OM,968,1,OMR,1,OMN,$
Pakistan,Pakistan,PK,92,1,PKR,1,PAK,$
Palau,Palau,PW,680,1,USD,1,PLW,$
Palestine State,Palestine State,PS,970,0,PSP,1,PSE,$
Panama,Panama,PA,507,1,PAB,1,PAN,$
Papua New Guinea,Papua New Guinea,PG,675,1,PGK,1,PNG,$
Paraguay,Paraguay,PY,595,1,PYG,1,PRY,$
Peru,Peru,PE,51,1,PEN,1,PER,$
Philippines,Philippines,PH,63,1,PHP,1,PHL,$
Poland,Poland,PL,48,1,PLN,1,POL,$
Portugal,Portugal,PT,351,1,EUR,1,PRT,$
Qatar,Qatar,QA,974,1,QAR,1,QAT,$
Romania,Romania,RO,40,1,RON,1,ROU,$
Russia,Russia,RU,7,1,RUB,1,RUS,$
Rwanda,Rwanda,RW,250,0,RWF,1,RWA,$
Saint Lucia,Saint Lucia,LC,1-758,1,XCD,1,LCA,$
Samoa,Samoa,WS,685,1,WST,1,WSM,$
San Marino,San Marino,SM,378,1,EUR,1,SMR,$
Saudi Arabia,Saudi Arabia,SA,966,1,SAR,1,SAU,$
Senegal,Senegal,SN,221,0,XOF,1,SEN,$
Serbia,Serbia,CS,381,1,RSD,1,SRB,$
Seychelles,Seychelles,SC,248,1,SCR,1,SYC,$
Sierra Leone,Sierra Leone,SL,232,0,SLL,1,SLE,$
Singapore,Singapore,SG,65,1,SGD,1,SGP,$
Slovakia,Slovakia,SK,421,1,EUR,1,SVK,$
Slovenia,Slovenia,SI,386,1,EUR,1,SVN,$
Solomon Islands,Solomon Islands,SB,677,0,SBD,1,SLB,$
Somalia,Somalia,SO,252,0,SOS,1,SOM,$
South Africa,South Africa,ZA,27,1,ZAR,1,ZAF,$
South Korea,South Korea,KR,82,1,KRW,1,KOR,$
South Sudan,South Sudan,SS,211,0,SSP,1,SSD,$
Spain,Spain,ES,34,1,EUR,1,ESP,$
Sri Lanka,Sri Lanka,LK,94,1,LKR,1,LKA,$
Sudan,Sudan,SD,249,0,SDG,1,SDN,$
Suriname,Suriname,SR,597,1,SRD,1,SUR,$
Sweden,Sweden,SE,46,1,SEK,1,SWE,$
Switzerland,Switzerland,CH,41,1,CHF,1,CHE,$
Syria,Syria,SY,963,0,SYP,1,SYR,$
Tajikistan,Tajikistan,TJ,992,1,TJS,1,TJK,$
Tanzania,Tanzania,TZ,255,0,TZS,1,TZA,$
Thailand,Thailand,TH,66,1,THB,1,THA,$
Timor-Leste,Timor-Leste,TL,670,0,USD,1,TLS,$
Togo,Togo,TG,228,0,XOF,1,TGO,$
Tonga,Tonga,TO,676,1,TOP,1,TON,$
Tunisia,Tunisia,TN,216,1,TND,1,TUN,$
Turkey,Turkey,TR,90,1,TRY,1,TUR,$
Turkmenistan,Turkmenistan,TM,993,1,TMT,1,TKM,$
Tuvalu,Tuvalu,TV,688,0,AUD,1,TUV,$
Uganda,Uganda,UG,256,0,UGS,1,UGA,$
Ukraine,Ukraine,UA,380,1,UAH,1,UKR,$
UK,UK,GB,44,1,GBP,1,GBR,$
Uruguay,Uruguay,UY,598,1,UYU,1,URY,$
Uzbekistan,Uzbekistan,UZ,998,1,UZS,1,UZB,$
Vanuatu,Vanuatu,VU,678,1,VUV,1,VUT,$
Venezuela,Venezuela,VE,58,1,VEF,1,VEN,$
Vietnam,Vietnam,VN,84,1,YER,1,VNM,$
Yemen,Yemen,YE,967,0,YER,1,YEM,$
Zambia,Zambia,ZM,260,0,ZMK,1,ZMB,$
Zimbabwe,Zimbabwe,ZW,263,1,ZWD,1,ZWE,$
Azores,Azores,PT,351,1,EUR,1.25,,$
Bermuda,Bermuda,BM,1-441,1,BMD,1.25,BMU,$
Bosnia and Herzegovina,BiH,BA,387,1,BAM,1,BIH,$
Channel Islands,Channel Islands,GB,1-345,1,GBP,1,,$
Dominican Republic,Dominican Republ,DO,1-809,1,DOP,1,DOM,$
French Guiana,French Guiana,GF,594,1,EUR,1.2,GUF,$
French Polynesia,French Polynesia,PF,689,1,XPF,1.2,PYF,$
Guadeloupe,Guadeloupe,GP,590,1,EUR,1.2,,$
Hong Kong,HK,HK,852,1,HKD,1,HKG,$
Madeira,Madeira,,351,1,EUR,1.2,,$
Martinique,Martinique,MQ,596,1,MRU,1,MTQ,$
New Caledonia,New Caledonia,NC,687,1,CFP,1,NCL,$
Puerto Rico,Puerto Rico,PR,1-787,,,,,
Saint Pierre Et Miquelon,Saint Pierre Et,PM,508,1,EUR,1,SPM,$
Taiwan,Taiwan,TW,886,1,TWD,12,TWN,$
UAE,UAE,AE,971,1,AED,3,ARE,$
USA,USA,US,1,1,USD,1,USA,$
Virgin Islands,Virgin Islands,VI,1,1,USD,1.2,,$
Anguilla,Anguilla,AI,1-264,1,XCD,2,AIA,$
Greenland,Greenland,GL,299,1,DKK,1,GRL,$
Macau,Macau,MO,853,1,MOP,1,MAC,$
Vatican City,Vatican City,VA,379,1,EUR,1.2,,$
Saint Vincent And the Grenadines,Saint Vincent An,VC,1-784,1,XCD,1,VCT,$
Faroe Islands,Faroe Islands,FO,298,1,KR,1,FRO,$
Guernsey,Guernsey,GG,44-1481,1,GGP,2,GGY,$
Isle of Man,Isle of Man,IM,44-1624,1,IMP,1,IMN,$
Jersey,Jersey,JE,44-1534,1,JEP,34,JEY,$
Montserrat,Montserrat,MS,1-664,1,XCD,4,MSR,$
Saint Kitts And Nevis,Saint Kitts,KN,1-869,1,XCD,1.2,KNA,$
Aruba,Aruba,AW,297,1,AWG,0.9,ABW,$
Trinidad and Tobago,TT,TT,1-868,1,TTD,12,TTO,$
Antigua and Barbuda,Antigua,AG,-267,1,XCD,2.7,ATG,XCD
Cayman Islands,Cayman Islands,AG,-267,1,XCD,2.7,ATG,XCD
Scotland,Scotland,AG,-267,1,XCD,2.7,ATG,XCD
Wales,Wales,AG,-267,1,XCD,2.7,ATG,XCD
